[{
        "id": 1,
        "title": "胡歌12年后首谈车祸1",
        "desc": "文/麦大人 01 胡歌又刷屏了。 近日他上了《朗读者》，而这一期的主题是“生命”，他用磁性的嗓音，朗读了一段《哈姆雷特》中的经典独白，相当震撼：...",
        "imgUrl": "https://timgsa.baidu.com/timg?image&quality=80&size=b9999_10000&sec=1569159399041&di=ee644b4210b9c162bba54d74ca976a7b&imgtype=0&src=http%3A%2F%2Fb-ssl.duitang.com%2Fuploads%2Fitem%2F201607%2F21%2F20160721003921_wjhcn.jpeg"
    },
    {
        "id": 2,
        "title": "胡歌12年后首谈车祸：既然活下来了，就不能白白活着2",
        "desc": "文/麦大人 01 胡歌又刷屏了。 近日他上了《朗读者》，而这一期的主题是“生命”，他用磁性的嗓音，朗读了一段《哈姆雷特》中的经典独白，相当震撼：...",
        "imgUrl": "https://timgsa.baidu.com/timg?image&quality=80&size=b9999_10000&sec=1569159483787&di=7645fddedf8909e556554b74181c404f&imgtype=0&src=http%3A%2F%2Fn.sinaimg.cn%2Fsinacn08%2F238%2Fw640h398%2F20180611%2Fc5e8-hcufqif6671305.jpg"
    },
    {
        "id": 3,
        "title": "胡歌12年后首谈车祸：既然活下来了，就不能白白活着3",
        "desc": "文/麦大人 01 胡歌又刷屏了。 近日他上了《朗读者》，而这一期的主题是“生命”，他用磁性的嗓音，朗读了一段《哈姆雷特》中的经典独白，相当震撼：...",
        "imgUrl": "https://timgsa.baidu.com/timg?image&quality=80&size=b9999_10000&sec=1568893320269&di=1c9b2b2638ff0df5bcacbd503f769545&imgtype=0&src=http%3A%2F%2Fytx.fuzhou.gov.cn%2Fxjwz%2Fzwgk%2Fgzdt%2Fbdyw%2F201802%2FW020180221369516040190.jpg"
    },
    {
        "id": 4,
        "title": "胡歌12年后首谈车祸：既然活下来了，就不能白白活着4",
        "desc": "文/麦大人 01 胡歌又刷屏了。 近日他上了《朗读者》，而这一期的主题是“生命”，他用磁性的嗓音，朗读了一段《哈姆雷特》中的经典独白，相当震撼：...",
        "imgUrl": "https://timgsa.baidu.com/timg?image&quality=80&size=b9999_10000&sec=1569159399041&di=6cfe32b6c6ee4ae52a83b45cfd8ed445&imgtype=0&src=http%3A%2F%2Fn.sinaimg.cn%2Fsinacn10%2F467%2Fw1764h1103%2F20181029%2F9dfa-hnaivxq1335730.jpg"
    }
]